iter	PRAUC	Logloss	AUC
0	0.05758310797	0.6440075098	0.6281165827
1	0.08927127793	0.5991033981	0.634884727
2	0.09016704551	0.5585979615	0.6377930602
3	0.09200860548	0.5213255228	0.6440013153
4	0.09752528443	0.486636992	0.6698768346
5	0.09738739421	0.4561304618	0.6645741532
6	0.09849266131	0.4278580925	0.6705697561
7	0.09778059431	0.4029685462	0.6660711306
8	0.0978660966	0.379417448	0.6715271663
9	0.09767064958	0.3584091729	0.6713153714
10	0.1091309854	0.3395305211	0.6717091616
11	0.1103744587	0.3216910002	0.6781870496
12	0.1089520501	0.3056144291	0.6778860182
13	0.1217448458	0.2894369364	0.7051346589
14	0.1211955265	0.2761343835	0.7075907845
15	0.1283379655	0.2636587465	0.7089643925
16	0.1308100932	0.2524697369	0.7154957159
17	0.1312643021	0.242271351	0.7125276909
18	0.1445912937	0.2331118397	0.7133592755
19	0.1490672622	0.2245695812	0.7276447945
20	0.1513991762	0.2161177586	0.73869057
21	0.1507335812	0.2094301698	0.7375810567
22	0.1516794764	0.2031039129	0.7387565415
23	0.1486508236	0.1973353371	0.7378895728
24	0.1575375735	0.1917802084	0.7354204013
25	0.1591668355	0.1866545626	0.7395399277
26	0.1593388422	0.1821794525	0.7402338457
27	0.1604270365	0.1780815121	0.7398746285
28	0.1607161595	0.1740020623	0.7407396508
29	0.1608617721	0.1702841998	0.7407853234
30	0.158035533	0.1670029086	0.7417425946
31	0.1577094402	0.164259785	0.7399329764
32	0.1610612069	0.1612995361	0.7407577484
33	0.159926239	0.1587880862	0.7409507505
34	0.1605240191	0.1563948263	0.742286634
35	0.1628020992	0.1535218111	0.7451316141
36	0.1634272931	0.1515495015	0.7462837412
37	0.1641565831	0.1494307425	0.7511017737
38	0.1638344564	0.1478631266	0.750316974
39	0.1627539034	0.1463198433	0.750726475
