threshold,accuracy,precision,recall,f1_score,roc_auc,pr_auc,weighted_score,positive_predictions,positive_prediction_rate,is_inflection_point,rank,is_best_threshold
0.05,0.8892383292383292,0.13587921847246892,0.498371335504886,0.2135380321004885,0.8042821596870217,0.2592947709299978,0.47515738535888075,1126,0.11066339066339066,False,1,True
0.06,0.9166584766584767,0.16313823163138233,0.42671009771986973,0.23603603603603604,0.8042821596870217,0.2592947709299978,0.454367191622316,803,0.07891891891891892,False,2,False
0.07,0.9299262899262899,0.1828125,0.3811074918566775,0.2470960929250264,0.8042821596870217,0.2592947709299978,0.43999716918818566,640,0.0628992628992629,True,3,False
0.08,0.942014742014742,0.21868787276341947,0.3583061889250814,0.2716049382716049,0.8042821596870217,0.2592947709299978,0.4394547438868497,503,0.04943488943488943,False,4,False
0.09,0.9483046683046683,0.24113475177304963,0.3322475570032573,0.27945205479452057,0.8042821596870217,0.2592947709299978,0.4317777819011405,423,0.04157248157248157,False,5,False
0.1,0.952039312039312,0.2560646900269542,0.30944625407166126,0.28023598820059,0.8042821596870217,0.2592947709299978,0.42293163742062645,371,0.03646191646191646,False,6,False
0.11,0.9594103194103194,0.3120567375886525,0.28664495114006516,0.298811544991511,0.8042821596870217,0.2592947709299978,0.4203125611248103,282,0.027714987714987715,True,7,False
0.12,0.9615724815724815,0.32644628099173556,0.25732899022801303,0.2877959927140255,0.8042821596870217,0.2592947709299978,0.4047307334628696,242,0.023783783783783784,False,8,False
0.13,0.9644226044226044,0.3645320197044335,0.24104234527687296,0.2901960784313726,0.8042821596870217,0.2592947709299978,0.399056105483485,203,0.01995085995085995,False,9,False
0.14,0.9651105651105651,0.3709677419354839,0.2247557003257329,0.2799188640973631,0.8042821596870217,0.2592947709299978,0.3889444224861257,186,0.01828009828009828,False,10,False
0.15,0.9661916461916462,0.391812865497076,0.2182410423452769,0.2803347280334728,0.8042821596870217,0.2592947709299978,0.3864841116715817,171,0.016805896805896805,False,11,False
0.16,0.9670761670761671,0.41139240506329117,0.21172638436482086,0.27956989247311825,0.8042821596870217,0.2592947709299978,0.38361055603327515,158,0.015528255528255529,False,12,False
0.17,0.9675675675675676,0.4206896551724138,0.1986970684039088,0.26991150442477874,0.8042821596870217,0.2592947709299978,0.37501839383199154,145,0.01425061425061425,True,14,False
0.18,0.9696314496314496,0.4918032786885246,0.19543973941368079,0.27972027972027974,0.8042821596870217,0.2592947709299978,0.37714853358932565,122,0.01199017199017199,True,13,False
0.19,0.97002457002457,0.5089285714285714,0.18566775244299674,0.2720763723150358,0.8042821596870217,0.2592947709299978,0.3705643712092166,112,0.011007371007371007,False,15,False
0.2,0.9699262899262899,0.5047619047619047,0.17263843648208468,0.25728155339805825,0.8042821596870217,0.2592947709299978,0.3601744582039097,105,0.010319410319410319,False,16,False
0.21,0.97002457002457,0.5104166666666666,0.15960912052117263,0.24317617866004962,0.8042821596870217,0.2592947709299978,0.3500258506612418,96,0.009434889434889435,False,17,False
0.22,0.9703194103194103,0.5280898876404494,0.15309446254071662,0.23737373737373738,0.8042821596870217,0.2592947709299978,0.3453891330188501,89,0.008746928746928747,False,18,False
0.23,0.9707125307125307,0.5542168674698795,0.1498371335504886,0.2358974358974359,0.8042821596870217,0.2592947709299978,0.34356949590605346,83,0.008157248157248158,False,19,False
0.24,0.9708108108108108,0.5641025641025641,0.14332247557003258,0.22857142857142856,0.8042821596870217,0.2592947709299978,0.3383995301497684,78,0.007665847665847666,False,20,False
0.25,0.9711056511056511,0.589041095890411,0.14006514657980457,0.22631578947368422,0.8042821596870217,0.2592947709299978,0.3363071248694667,73,0.007174447174447174,False,21,False
0.26,0.9713022113022113,0.6086956521739131,0.13680781758957655,0.22340425531914893,0.8042821596870217,0.2592947709299978,0.33398515631928816,69,0.006781326781326781,False,22,False
0.27,0.9712039312039312,0.6060606060606061,0.13029315960912052,0.21447721179624665,0.8042821596870217,0.2592947709299978,0.32825482789408994,66,0.006486486486486486,False,23,False
0.28,0.9711056511056511,0.6,0.1270358306188925,0.20967741935483872,0.8042821596870217,0.2592947709299978,0.32527196894350596,65,0.0063882063882063885,True,25,False
0.29,0.9712039312039312,0.609375,0.1270358306188925,0.21024258760107817,0.8042821596870217,0.2592947709299978,0.3254697778296898,64,0.00628992628992629,True,24,False
0.3,0.971007371007371,0.6,0.11726384364820847,0.19618528610354224,0.8042821596870217,0.2592947709299978,0.31664092751727857,60,0.005896805896805897,False,26,False
0.31,0.9713022113022113,0.6363636363636364,0.11400651465798045,0.19337016574585636,0.8042821596870217,0.2592947709299978,0.31435270379599733,55,0.005405405405405406,True,28,False
0.32,0.9714987714987715,0.660377358490566,0.11400651465798045,0.19444444444444445,0.8042821596870217,0.2592947709299978,0.3147287013405031,53,0.005208845208845209,True,27,False
0.33,0.9715970515970516,0.68,0.11074918566775244,0.19047619047619047,0.8042821596870217,0.2592947709299978,0.31203688085552306,50,0.004914004914004914,True,30,False
0.34,0.9717936117936118,0.7083333333333334,0.11074918566775244,0.19154929577464788,0.8042821596870217,0.2592947709299978,0.31241246770998315,48,0.004717444717444718,True,29,False
0.35,0.9720884520884521,0.7674418604651163,0.10749185667752444,0.18857142857142858,0.8042821596870217,0.2592947709299978,0.31006728259276517,43,0.004226044226044226,True,33,False
0.36,0.9721867321867322,0.7857142857142857,0.10749185667752444,0.18911174785100288,0.8042821596870217,0.2592947709299978,0.3102563943406162,42,0.004127764127764128,False,32,False
0.37,0.9722850122850123,0.8048780487804879,0.10749185667752444,0.1896551724137931,0.8042821596870217,0.2592947709299978,0.3104465929375928,41,0.00402948402948403,True,31,False
0.38,0.9718918918918918,0.8,0.09120521172638436,0.16374269005847952,0.8042821596870217,0.2592947709299978,0.294862566132777,35,0.0034398034398034397,True,35,False
0.39,0.971990171990172,0.8235294117647058,0.09120521172638436,0.16422287390029325,0.8042821596870217,0.2592947709299978,0.2950306304774118,34,0.0033415233415233416,True,34,False
0.4,0.9716953316953317,0.8064516129032258,0.08143322475570032,0.14792899408284024,0.8042821596870217,0.2592947709299978,0.2854189777530296,31,0.003046683046683047,True,38,False
0.41,0.9717936117936118,0.8333333333333334,0.08143322475570032,0.14836795252225518,0.8042821596870217,0.2592947709299978,0.28557261320682487,30,0.0029484029484029483,True,36,False
0.42,0.9717936117936118,0.8333333333333334,0.08143322475570032,0.14836795252225518,0.8042821596870217,0.2592947709299978,0.28557261320682487,30,0.0029484029484029483,False,37,False
0.43,0.9718918918918918,0.92,0.0749185667752443,0.13855421686746988,0.8042821596870217,0.2592947709299978,0.2795319425354676,25,0.002457002457002457,False,39,False
0.44,0.9718918918918918,0.92,0.0749185667752443,0.13855421686746988,0.8042821596870217,0.2592947709299978,0.2795319425354676,25,0.002457002457002457,False,40,False
0.45,0.9717936117936118,0.9166666666666666,0.07166123778501629,0.13293051359516617,0.8042821596870217,0.2592947709299978,0.2762607147940701,24,0.002358722358722359,False,45,False
0.46,0.9717936117936118,0.9166666666666666,0.07166123778501629,0.13293051359516617,0.8042821596870217,0.2592947709299978,0.2762607147940701,24,0.002358722358722359,False,46,False
0.47,0.9717936117936118,0.9166666666666666,0.07166123778501629,0.13293051359516617,0.8042821596870217,0.2592947709299978,0.2762607147940701,24,0.002358722358722359,False,47,False
0.48,0.9717936117936118,0.9166666666666666,0.07166123778501629,0.13293051359516617,0.8042821596870217,0.2592947709299978,0.2762607147940701,24,0.002358722358722359,False,48,False
0.49,0.9717936117936118,0.9166666666666666,0.07166123778501629,0.13293051359516617,0.8042821596870217,0.2592947709299978,0.2762607147940701,24,0.002358722358722359,False,49,False
0.5,0.9717936117936118,0.9166666666666666,0.07166123778501629,0.13293051359516617,0.8042821596870217,0.2592947709299978,0.2762607147940701,24,0.002358722358722359,False,50,False
0.51,0.9717936117936118,0.9166666666666666,0.07166123778501629,0.13293051359516617,0.8042821596870217,0.2592947709299978,0.2762607147940701,24,0.002358722358722359,True,51,False
0.52,0.9718918918918918,0.9565217391304348,0.07166123778501629,0.13333333333333333,0.8042821596870217,0.2592947709299978,0.2764017017024286,23,0.0022604422604422603,True,41,False
0.53,0.9718918918918918,0.9565217391304348,0.07166123778501629,0.13333333333333333,0.8042821596870217,0.2592947709299978,0.2764017017024286,23,0.0022604422604422603,False,42,False
0.54,0.9718918918918918,0.9565217391304348,0.07166123778501629,0.13333333333333333,0.8042821596870217,0.2592947709299978,0.2764017017024286,23,0.0022604422604422603,False,43,False
0.55,0.9718918918918918,0.9565217391304348,0.07166123778501629,0.13333333333333333,0.8042821596870217,0.2592947709299978,0.2764017017024286,23,0.0022604422604422603,False,44,False
